frame_idx,target_id,x1,y1,x2,y2,score,lost_frames,status,text_prompt
0,0,1551,446,1559,451,0.72168,0,tracked,soccer ball
1,0,1551,445,1559,451,0.72168,0,tracked,soccer ball
2,0,1544,445,1552,451,0.72168,0,tracked,soccer ball
3,0,1537,445,1544,450,0.72168,0,tracked,soccer ball
4,0,,,,,,1,lost,soccer ball
5,0,,,,,,2,lost,soccer ball
6,0,,,,,,3,lost,soccer ball
7,0,820,247,825,250,0.72168,0,tracked,soccer ball
8,0,1123,343,1129,347,0.72168,0,tracked,soccer ball
9,0,1264,390,1271,396,0.72168,0,tracked,soccer ball
10,0,1325,414,1332,420,0.72168,0,tracked,soccer ball
11,0,1345,426,1352,433,0.72168,0,tracked,soccer ball
12,0,1345,433,1352,440,0.72168,0,tracked,soccer ball
13,0,1334,437,1342,444,0.72168,0,tracked,soccer ball
14,0,1320,440,1329,447,0.72168,0,tracked,soccer ball
15,0,1304,442,1313,449,0.72168,0,tracked,soccer ball
16,0,1284,445,1292,451,0.72168,0,tracked,soccer ball
17,0,1266,447,1273,453,0.72168,0,tracked,soccer ball
18,0,1251,451,1259,457,0.72168,0,tracked,soccer ball
19,0,1235,453,1244,459,0.72168,0,tracked,soccer ball
20,0,1219,454,1227,461,0.72168,0,tracked,soccer ball
21,0,1207,454,1215,461,0.72168,0,tracked,soccer ball
22,0,1196,455,1204,461,0.72168,0,tracked,soccer ball
23,0,1183,455,1191,462,0.72168,0,tracked,soccer ball
24,0,1171,455,1179,462,0.72168,0,tracked,soccer ball
25,0,1162,456,1170,463,0.72168,0,tracked,soccer ball
26,0,1152,457,1161,464,0.72168,0,tracked,soccer ball
27,0,1142,459,1151,466,0.72168,0,tracked,soccer ball
28,0,1132,461,1141,467,0.72168,0,tracked,soccer ball
29,0,1123,462,1132,468,0.72168,0,tracked,soccer ball
30,0,1115,462,1124,469,0.72168,0,tracked,soccer ball
31,0,1107,462,1116,470,0.72168,0,tracked,soccer ball
32,0,1100,462,1109,470,0.72168,0,tracked,soccer ball
33,0,1093,462,1102,471,0.72168,0,tracked,soccer ball
34,0,1086,463,1095,472,0.72168,0,tracked,soccer ball
35,0,1079,464,1088,473,0.72168,0,tracked,soccer ball
36,0,1073,466,1082,474,0.72168,0,tracked,soccer ball
37,0,1068,467,1077,475,0.72168,0,tracked,soccer ball
38,0,1062,467,1071,475,0.72168,0,tracked,soccer ball
39,0,1056,467,1065,476,0.72168,0,tracked,soccer ball
40,0,1052,467,1060,476,0.72168,0,tracked,soccer ball
41,0,1048,468,1056,477,0.72168,0,tracked,soccer ball
42,0,1043,469,1052,478,0.72168,0,tracked,soccer ball
43,0,1039,470,1048,479,0.72168,0,tracked,soccer ball
44,0,1036,472,1045,480,0.72168,0,tracked,soccer ball
45,0,1032,472,1042,480,0.72168,0,tracked,soccer ball
46,0,1028,472,1038,481,0.72168,0,tracked,soccer ball
47,0,1025,473,1035,482,0.72168,0,tracked,soccer ball
48,0,1022,474,1032,483,0.72168,0,tracked,soccer ball
49,0,1019,475,1029,483,0.72168,0,tracked,soccer ball
50,0,1017,476,1026,483,0.72168,0,tracked,soccer ball
51,0,1015,477,1024,484,0.72168,0,tracked,soccer ball
52,0,1012,477,1021,485,0.72168,0,tracked,soccer ball
53,0,1009,477,1019,486,0.72168,0,tracked,soccer ball
54,0,1007,477,1017,486,0.72168,0,tracked,soccer ball
55,0,1005,478,1015,487,0.72168,0,tracked,soccer ball
56,0,1003,479,1013,487,0.72168,0,tracked,soccer ball
57,0,1001,480,1011,488,0.72168,0,tracked,soccer ball
58,0,999,481,1009,488,0.72168,0,tracked,soccer ball
59,0,997,482,1007,489,0.72168,0,tracked,soccer ball
60,0,995,482,1004,489,0.72168,0,tracked,soccer ball
61,0,993,483,1002,490,0.72168,0,tracked,soccer ball
62,0,991,484,1000,491,0.72168,0,tracked,soccer ball
63,0,988,484,998,492,0.72168,0,tracked,soccer ball
64,0,986,485,996,493,0.72168,0,tracked,soccer ball
65,0,984,486,994,494,0.72168,0,tracked,soccer ball
66,0,982,486,992,494,0.72168,0,tracked,soccer ball
67,0,980,486,990,495,0.72168,0,tracked,soccer ball
68,0,978,487,988,496,0.72168,0,tracked,soccer ball
69,0,976,488,986,496,0.72168,0,tracked,soccer ball
70,0,974,488,984,497,0.72168,0,tracked,soccer ball
71,0,972,489,982,497,0.72168,0,tracked,soccer ball
72,0,970,490,980,498,0.72168,0,tracked,soccer ball
73,0,968,490,978,498,0.72168,0,tracked,soccer ball
74,0,966,490,976,498,0.72168,0,tracked,soccer ball
75,0,967,487,977,496,0.72168,0,tracked,soccer ball
76,0,975,478,985,487,0.72168,0,tracked,soccer ball
77,0,986,466,995,475,0.72168,0,tracked,soccer ball
78,0,997,455,1006,463,0.72168,0,tracked,soccer ball
79,0,,,,,,1,lost,soccer ball
80,0,954,406,960,413,0.72168,0,tracked,soccer ball
81,0,996,407,1004,414,0.72168,0,tracked,soccer ball
82,0,1021,402,1030,410,0.72168,0,tracked,soccer ball
83,0,1038,395,1047,403,0.72168,0,tracked,soccer ball
84,0,1050,388,1059,396,0.72168,0,tracked,soccer ball
85,0,1059,380,1068,388,0.72168,0,tracked,soccer ball
86,0,1067,372,1076,380,0.72168,0,tracked,soccer ball
87,0,1074,365,1083,373,0.72168,0,tracked,soccer ball
88,0,1081,358,1089,366,0.72168,0,tracked,soccer ball
89,0,1087,352,1095,360,0.72168,0,tracked,soccer ball
90,0,1092,346,1100,354,0.72168,0,tracked,soccer ball
91,0,1097,341,1105,349,0.72168,0,tracked,soccer ball
92,0,1101,337,1110,344,0.72168,0,tracked,soccer ball
93,0,1106,332,1114,340,0.72168,0,tracked,soccer ball
94,0,1110,328,1118,336,0.72168,0,tracked,soccer ball
95,0,1113,325,1122,332,0.72168,0,tracked,soccer ball
96,0,1117,322,1125,329,0.72168,0,tracked,soccer ball
97,0,1120,319,1128,326,0.72168,0,tracked,soccer ball
98,0,1122,316,1132,323,0.72168,0,tracked,soccer ball
99,0,1127,313,1136,320,0.72168,0,tracked,soccer ball
100,0,1129,311,1139,318,0.72168,0,tracked,soccer ball
101,0,1130,309,1140,316,0.72168,0,tracked,soccer ball
102,0,1133,307,1141,314,0.72168,0,tracked,soccer ball
103,0,1134,306,1143,313,0.72168,0,tracked,soccer ball
104,0,1137,304,1145,311,0.72168,0,tracked,soccer ball
105,0,1140,303,1147,310,0.72168,0,tracked,soccer ball
106,0,1141,302,1148,310,0.72168,0,tracked,soccer ball
107,0,1142,301,1149,309,0.72168,0,tracked,soccer ball
108,0,1143,300,1150,308,0.72168,0,tracked,soccer ball
109,0,1144,300,1151,308,0.72168,0,tracked,soccer ball
110,0,1145,300,1153,308,0.72168,0,tracked,soccer ball
111,0,1146,300,1154,308,0.72168,0,tracked,soccer ball
112,0,1147,300,1155,308,0.72168,0,tracked,soccer ball
113,0,1148,300,1156,307,0.72168,0,tracked,soccer ball
114,0,1149,300,1156,307,0.72168,0,tracked,soccer ball
115,0,1150,300,1156,308,0.72168,0,tracked,soccer ball
116,0,1151,301,1157,309,0.72168,0,tracked,soccer ball
117,0,1151,302,1157,310,0.72168,0,tracked,soccer ball
118,0,1151,303,1157,311,0.72168,0,tracked,soccer ball
119,0,1152,304,1158,311,0.72168,0,tracked,soccer ball
120,0,1152,305,1158,312,0.72168,0,tracked,soccer ball
121,0,1153,307,1159,313,0.72168,0,tracked,soccer ball
122,0,1153,309,1159,314,0.72168,0,tracked,soccer ball
123,0,1153,310,1159,315,0.72168,0,tracked,soccer ball
124,0,1153,312,1159,317,0.72168,0,tracked,soccer ball
125,0,1153,314,1159,318,0.72168,0,tracked,soccer ball
126,0,1153,315,1159,320,0.72168,0,tracked,soccer ball
127,0,1154,317,1159,322,0.72168,0,tracked,soccer ball
128,0,1154,319,1159,324,0.72168,0,tracked,soccer ball
129,0,1154,321,1159,326,0.72168,0,tracked,soccer ball
130,0,1154,324,1159,329,0.72168,0,tracked,soccer ball
131,0,1154,326,1158,331,0.72168,0,tracked,soccer ball
132,0,1154,329,1158,333,0.72168,0,tracked,soccer ball
133,0,1153,332,1158,336,0.72168,0,tracked,soccer ball
134,0,1152,334,1157,338,0.72168,0,tracked,soccer ball
135,0,,,,,,1,lost,soccer ball
136,0,,,,,,2,lost,soccer ball
137,0,,,,,,3,lost,soccer ball
138,0,,,,,,4,lost,soccer ball
139,5,1068,553,1072,556,0.51953,0,tracked,soccer ball
140,5,644,520,648,524,0.51953,0,tracked,soccer ball
141,5,429,504,434,508,0.51953,0,tracked,soccer ball
142,5,320,496,326,500,0.51953,0,tracked,soccer ball
143,5,264,492,270,496,0.51953,0,tracked,soccer ball
144,5,234,490,241,494,0.51953,0,tracked,soccer ball
145,5,218,489,224,493,0.51953,0,tracked,soccer ball
146,5,209,489,215,493,0.51953,0,tracked,soccer ball
147,5,203,489,208,493,0.51953,0,tracked,soccer ball
148,5,198,489,204,493,0.51953,0,tracked,soccer ball
149,5,194,489,200,493,0.51953,0,tracked,soccer ball
150,5,190,489,196,493,0.51953,0,tracked,soccer ball
151,5,187,489,193,493,0.51953,0,tracked,soccer ball
152,5,184,489,189,493,0.51953,0,tracked,soccer ball
153,5,180,489,185,493,0.51953,0,tracked,soccer ball
154,5,176,490,182,493,0.51953,0,tracked,soccer ball
155,5,172,490,178,494,0.51953,0,tracked,soccer ball
156,5,169,490,174,494,0.51953,0,tracked,soccer ball
157,5,165,490,170,494,0.51953,0,tracked,soccer ball
158,5,162,490,168,494,0.51953,0,tracked,soccer ball
159,5,161,491,167,494,0.51953,0,tracked,soccer ball
160,5,160,491,166,494,0.51953,0,tracked,soccer ball
161,5,161,491,166,494,0.51953,0,tracked,soccer ball
162,5,161,491,166,494,0.51953,0,tracked,soccer ball
163,5,161,491,166,494,0.51953,0,tracked,soccer ball
164,5,161,491,166,494,0.51953,0,tracked,soccer ball
165,5,161,491,166,494,0.51953,0,tracked,soccer ball
166,5,161,491,166,494,0.51953,0,tracked,soccer ball
167,5,161,491,166,494,0.51953,0,tracked,soccer ball
168,5,161,491,166,494,0.51953,0,tracked,soccer ball
169,5,161,491,166,494,0.51953,0,tracked,soccer ball
170,5,161,491,166,494,0.51953,0,tracked,soccer ball
171,5,160,491,166,494,0.51953,0,tracked,soccer ball
172,5,160,491,166,494,0.51953,0,tracked,soccer ball
173,5,160,491,166,494,0.51953,0,tracked,soccer ball
174,5,160,491,166,494,0.51953,0,tracked,soccer ball
175,5,160,491,166,495,0.51953,0,tracked,soccer ball
176,5,160,491,166,495,0.51953,0,tracked,soccer ball
177,5,160,491,166,495,0.51953,0,tracked,soccer ball
178,5,160,491,166,495,0.51953,0,tracked,soccer ball
179,5,160,491,166,495,0.51953,0,tracked,soccer ball
180,5,160,491,166,495,0.51953,0,tracked,soccer ball
181,5,160,491,166,495,0.51953,0,tracked,soccer ball
182,5,160,491,166,495,0.51953,0,tracked,soccer ball
183,5,160,491,166,495,0.51953,0,tracked,soccer ball
184,5,160,491,166,495,0.51953,0,tracked,soccer ball
185,5,160,491,166,495,0.51953,0,tracked,soccer ball
186,5,160,491,166,495,0.51953,0,tracked,soccer ball
187,5,160,491,166,495,0.51953,0,tracked,soccer ball
188,5,160,491,166,495,0.51953,0,tracked,soccer ball
189,5,160,491,166,495,0.51953,0,tracked,soccer ball
190,5,160,491,166,495,0.51953,0,tracked,soccer ball
191,5,160,491,166,495,0.51953,0,tracked,soccer ball
192,5,160,491,166,495,0.51953,0,tracked,soccer ball
193,5,160,491,166,495,0.51953,0,tracked,soccer ball
194,5,160,491,166,495,0.51953,0,tracked,soccer ball
195,5,160,491,166,495,0.51953,0,tracked,soccer ball
196,5,160,491,166,495,0.51953,0,tracked,soccer ball
197,5,160,491,166,495,0.51953,0,tracked,soccer ball
198,5,160,491,166,495,0.51953,0,tracked,soccer ball
199,5,160,491,166,495,0.51953,0,tracked,soccer ball
200,5,160,491,166,495,0.51953,0,tracked,soccer ball
201,5,160,491,166,495,0.51953,0,tracked,soccer ball
202,5,160,491,166,495,0.51953,0,tracked,soccer ball
203,5,160,491,166,495,0.51953,0,tracked,soccer ball
204,5,160,491,166,495,0.51953,0,tracked,soccer ball
205,5,160,491,166,495,0.51953,0,tracked,soccer ball
206,5,160,491,166,495,0.51953,0,tracked,soccer ball
207,5,159,491,165,495,0.51953,0,tracked,soccer ball
208,5,159,491,165,495,0.51953,0,tracked,soccer ball
209,5,159,491,165,495,0.51953,0,tracked,soccer ball
210,5,159,491,166,495,0.51953,0,tracked,soccer ball
211,5,159,491,166,495,0.51953,0,tracked,soccer ball
212,5,160,491,166,495,0.51953,0,tracked,soccer ball
213,5,161,491,166,495,0.51953,0,tracked,soccer ball
214,5,162,491,165,495,0.51953,0,tracked,soccer ball
215,5,162,489,165,495,0.51953,0,tracked,soccer ball
216,5,,,,,,1,lost,soccer ball
217,5,,,,,,2,lost,soccer ball
218,5,,,,,,3,lost,soccer ball
219,5,,,,,,4,lost,soccer ball
220,11,0,572,-25,576,0.50342,0,tracked,soccer ball
221,11,13,535,17,539,0.50342,0,tracked,soccer ball
222,11,35,517,39,521,0.50342,0,tracked,soccer ball
223,11,46,508,50,512,0.50342,0,tracked,soccer ball
224,11,51,503,55,507,0.50342,0,tracked,soccer ball
225,11,54,501,58,505,0.50342,0,tracked,soccer ball
226,11,55,500,59,504,0.50342,0,tracked,soccer ball
227,11,56,499,60,503,0.50342,0,tracked,soccer ball
228,11,56,499,60,503,0.50342,0,tracked,soccer ball
229,11,56,499,60,503,0.50342,0,tracked,soccer ball
230,11,56,499,60,503,0.50342,0,tracked,soccer ball
231,11,56,499,60,503,0.50342,0,tracked,soccer ball
232,11,55,499,60,503,0.50342,0,tracked,soccer ball
233,11,55,499,60,503,0.50342,0,tracked,soccer ball
234,11,55,499,60,503,0.50342,0,tracked,soccer ball
235,11,55,499,60,503,0.50342,0,tracked,soccer ball
236,11,55,499,60,503,0.50342,0,tracked,soccer ball
237,11,55,499,60,503,0.50342,0,tracked,soccer ball
238,11,55,499,60,503,0.50342,0,tracked,soccer ball
239,11,55,499,60,503,0.50342,0,tracked,soccer ball
240,11,55,499,60,503,0.50342,0,tracked,soccer ball
